{"pureParasiteHeart":3,"health":3,"ki":50,"weaponLevel":2,"parasiteEssence":550,"scene":"ForestScene","position":{"x":676.1734619140625,"y":-206.92359924316407,"z":0.0}}